NCBITaxon:1001080	Rockport virus	Wikipedia:Rockport_virus	rockport virus	false	
NCBITaxon:1001080	Rockport virus	Wikipedia:Rockport_virus	rockport virus	true	
NCBITaxon:10260	Avipoxvirus	Wikidata:Q4828931	avipoxvirus	false	
NCBITaxon:10260	Avipoxvirus	Wikidata:Q4828931	avipoxvirus	true	
NCBITaxon:10295	Bovine herpesvirus 2	Wikidata:Q4950560	bovine herpesvirus 2	false	
NCBITaxon:10295	Bovine herpesvirus 2	Wikidata:Q4950560	bovine herpesvirus 2	true	
NCBITaxon:10320	Bovine herpesvirus 1	Wikidata:Q478428	bovine herpesvirus 1	false	
NCBITaxon:10320	Bovine herpesvirus 1	Wikidata:Q478428	bovine herpesvirus 1	true	
NCBITaxon:10326	Equid herpesvirus 1	Wikidata:Q5384503	equine herpesvirus 1	false	
NCBITaxon:10326	Equid herpesvirus 1	Wikidata:Q5384503	equine herpesvirus 1	true	
NCBITaxon:10331	Equid herpesvirus 4	Wikidata:Q5977522	equine herpesvirus 4	false	
NCBITaxon:10331	Equid herpesvirus 4	Wikidata:Q5977522	equine herpesvirus 4	true	
NCBITaxon:103603	Snakehead virus	Wikidata:Q7547179	snakehead rhabdovirus	false	
NCBITaxon:103603	Snakehead virus	Wikidata:Q7547179	snakehead rhabdovirus	true	
NCBITaxon:10371	Equid herpesvirus 5	Wikidata:Q15991450	equine herpesvirus 5	false	
NCBITaxon:10371	Equid herpesvirus 5	Wikidata:Q15991450	equine herpesvirus 5	true	
NCBITaxon:10385	Bovine herpesvirus 4	Wikidata:Q4950561	bovine herpesvirus 4	false	
NCBITaxon:10385	Bovine herpesvirus 4	Wikidata:Q4950561	bovine herpesvirus 4	true	
NCBITaxon:10386	Gallid herpesvirus 1	Wikidata:Q547311	gallid herpesvirus 1	false	
NCBITaxon:10386	Gallid herpesvirus 1	Wikidata:Q547311	gallid herpesvirus 1	true	
NCBITaxon:10401	Ictalurid herpesvirus 1	Wikidata:Q5072490	channel catfish virus	false	
NCBITaxon:10401	Ictalurid herpesvirus 1	Wikidata:Q5072490	channel catfish virus	true	
NCBITaxon:10492	Ranavirus	Wikidata:Q3418768	ranavirus	false	
NCBITaxon:10492	Ranavirus	Wikidata:Q3418768	ranavirus	true	
NCBITaxon:10494	Lymphocystivirus	Wikidata:Q6708248	lymphocystivirus	false	
NCBITaxon:10494	Lymphocystivirus	Wikidata:Q6708248	lymphocystivirus	true	
NCBITaxon:10497	African swine fever virus	Wikipedia:African_swine_fever_virus	african swine fever virus	false	
NCBITaxon:10497	African swine fever virus	Wikipedia:African_swine_fever_virus	african swine fever virus	true	
NCBITaxon:10555	avian adenovirus	Wikidata:Q2874269	avian adenovirus	false	
NCBITaxon:10555	avian adenovirus	Wikidata:Q2874269	avian adenovirus	true	
NCBITaxon:10571	Bovine papillomavirus	Wikidata:Q4950565	bovine papillomavirus	false	
NCBITaxon:10571	Bovine papillomavirus	Wikidata:Q4950565	bovine papillomavirus	true	
NCBITaxon:10784	Bovine parvovirus	Wikidata:Q4950567	bovine parvovirus	false	
NCBITaxon:10784	Bovine parvovirus	Wikidata:Q4950567	bovine parvovirus	true	
NCBITaxon:10788	Canine parvovirus	Wikidata:Q1553609	canine parvovirus	false	
NCBITaxon:10788	Canine parvovirus	Wikidata:Q1553609	canine parvovirus	true	
NCBITaxon:10792	Mink enteritis virus	Wikidata:Q6867816	mink enteritis virus	false	
NCBITaxon:10792	Mink enteritis virus	Wikidata:Q6867816	mink enteritis virus	true	
NCBITaxon:10796	Porcine parvovirus	Wikipedia:Porcine_parvovirus	porcine parvovirus	false	
NCBITaxon:10796	Porcine parvovirus	Wikipedia:Porcine_parvovirus	porcine parvovirus	true	
NCBITaxon:11021	Eastern equine encephalitis virus	Wikidata:Q306966	eastern equine encephalitis virus	false	
NCBITaxon:11021	Eastern equine encephalitis virus	Wikidata:Q306966	eastern equine encephalitis virus	true	
NCBITaxon:11024	Highlands J virus	Wikidata:Q5759382	highlands j virus	false	
NCBITaxon:11024	Highlands J virus	Wikidata:Q5759382	highlands j virus	true	
NCBITaxon:11036	Venezuelan equine encephalitis virus	Wikidata:Q473462	venezuelan equine encephalitis virus	false	
NCBITaxon:11036	Venezuelan equine encephalitis virus	Wikidata:Q473462	venezuelan equine encephalitis virus	true	
NCBITaxon:11039	Western equine encephalomyelitis virus	Wikidata:Q324467	western equine encephalitis virus	false	
NCBITaxon:11039	Western equine encephalomyelitis virus	Wikidata:Q324467	western equine encephalitis virus	true	
NCBITaxon:1104174	Lloviu virus	Wikidata:Q6662207	lloviu virus	false	
NCBITaxon:1104174	Lloviu virus	Wikidata:Q6662207	lloviu virus	true	
NCBITaxon:11072	Japanese encephalitis virus	Wikipedia:Japanese_encephalitis	japanese encephalitis	false	
NCBITaxon:11072	Japanese encephalitis virus	Wikipedia:Japanese_encephalitis	japanese encephalitis	true	
NCBITaxon:11077	Kunjin virus	Wikidata:Q6444827	kunjin virus	false	
NCBITaxon:11077	Kunjin virus	Wikidata:Q6444827	kunjin virus	true	
NCBITaxon:11082	West Nile virus	Wikidata:Q158856	west nile virus	false	
NCBITaxon:11082	West Nile virus	Wikidata:Q158856	west nile virus	true	
NCBITaxon:11120	Infectious bronchitis virus	Wikipedia:Avian_infectious_bronchitis_virus	avian infectious bronchitis virus	false	
NCBITaxon:11120	Infectious bronchitis virus	Wikipedia:Avian_infectious_bronchitis_virus	avian infectious bronchitis virus	true	
NCBITaxon:11128	Bovine coronavirus	Wikidata:Q4950554	bovine coronavirus	false	
NCBITaxon:11128	Bovine coronavirus	Wikidata:Q4950554	bovine coronavirus	true	
NCBITaxon:11138	Murine hepatitis virus	Wikipedia:Mouse_hepatitis_virus	mouse hepatitis virus	false	
NCBITaxon:11138	Murine hepatitis virus	Wikipedia:Mouse_hepatitis_virus	mouse hepatitis virus	true	
NCBITaxon:11152	Turkey coronavirus	Wikidata:Q7855142	turkey coronavirus	false	
NCBITaxon:11152	Turkey coronavirus	Wikidata:Q7855142	turkey coronavirus	true	
NCBITaxon:11157	Mononegavirales	Wikidata:Q1753162	mononegavirales	false	
NCBITaxon:11157	Mononegavirales	Wikidata:Q1753162	mononegavirales	true	
NCBITaxon:11191	Sendai virus	Wikipedia:Sendai_virus	sendai virus	false	
NCBITaxon:11191	Sendai virus	Wikipedia:Sendai_virus	sendai virus	true	
NCBITaxon:112090	Aphanomyces astaci	Wikipedia:Aphanomyces_astaci	aphanomyces astaci	false	
NCBITaxon:112090	Aphanomyces astaci	Wikipedia:Aphanomyces_astaci	aphanomyces astaci	true	
NCBITaxon:11240	Phocine distemper virus	Wikipedia:Phocine_distemper_virus	phocine distemper virus	false	
NCBITaxon:11240	Phocine distemper virus	Wikipedia:Phocine_distemper_virus	phocine distemper virus	true	
NCBITaxon:11266	Filoviridae	Wikidata:Q46305	filoviridae	false	
NCBITaxon:11266	Filoviridae	Wikidata:Q46305	filoviridae	true	
NCBITaxon:11269	Marburg marburgvirus	Wikidata:Q6755280	marburg marburgvirus	false	
NCBITaxon:11269	Marburg marburgvirus	Wikidata:Q6755280	marburg marburgvirus	true	
NCBITaxon:11290	Infectious hematopoietic necrosis virus	Wikidata:Q880931	infectious hematopoietic necrosis virus	false	
NCBITaxon:11290	Infectious hematopoietic necrosis virus	Wikidata:Q880931	infectious hematopoietic necrosis virus	true	
NCBITaxon:1133363	Schmallenberg virus	Wikidata:Q267036	schmallenberg virus	false	
NCBITaxon:1133363	Schmallenberg virus	Wikidata:Q267036	schmallenberg virus	true	
NCBITaxon:11604	Puumala virus	Wikipedia:Puumala_virus	puumala virus	false	
NCBITaxon:11604	Puumala virus	Wikipedia:Puumala_virus	puumala virus	true	
NCBITaxon:11620	Lassa virus	Wikipedia:Lassa_virus	lassa virus	false	
NCBITaxon:11620	Lassa virus	Wikipedia:Lassa_virus	lassa virus	true	
NCBITaxon:11673	Feline immunodeficiency virus	Wikidata:Q1129598	feline immunodeficiency virus	false	
NCBITaxon:11673	Feline immunodeficiency virus	Wikidata:Q1129598	feline immunodeficiency virus	true	
NCBITaxon:11723	Simian immunodeficiency virus	Wikipedia:Simian_immunodeficiency_virus	simian immunodeficiency virus	false	
NCBITaxon:11723	Simian immunodeficiency virus	Wikipedia:Simian_immunodeficiency_virus	simian immunodeficiency virus	true	
NCBITaxon:11741	Visna/maedi virus	Wikipedia:Visna_virus	visna virus	false	
NCBITaxon:11741	Visna/maedi virus	Wikipedia:Visna_virus	visna virus	true	
NCBITaxon:11746	Jaagsiekte sheep retrovirus	Wikipedia:Jaagsiekte_sheep_retrovirus	jaagsiekte sheep retrovirus	false	
NCBITaxon:11746	Jaagsiekte sheep retrovirus	Wikipedia:Jaagsiekte_sheep_retrovirus	jaagsiekte sheep retrovirus	true	
NCBITaxon:11757	Mouse mammary tumor virus	Wikipedia:Mouse_mammary_tumor_virus	mouse mammary tumor virus	false	
NCBITaxon:11757	Mouse mammary tumor virus	Wikipedia:Mouse_mammary_tumor_virus	mouse mammary tumor virus	true	
NCBITaxon:11768	Feline leukemia virus	Wikidata:Q769471	feline leukemia virus	false	
NCBITaxon:11768	Feline leukemia virus	Wikidata:Q769471	feline leukemia virus	true	
NCBITaxon:11786	Murine leukemia virus	Wikipedia:Murine_leukemia_virus	murine leukemia virus	false	
NCBITaxon:11786	Murine leukemia virus	Wikipedia:Murine_leukemia_virus	murine leukemia virus	true	
NCBITaxon:11788	Abelson murine leukemia virus	Wikipedia:Abelson_murine_leukemia_virus	abelson murine leukemia virus	false	
NCBITaxon:11788	Abelson murine leukemia virus	Wikipedia:Abelson_murine_leukemia_virus	abelson murine leukemia virus	true	
NCBITaxon:11901	Bovine leukemia virus	Wikidata:Q895365	bovine leukemia virus	false	
NCBITaxon:11901	Bovine leukemia virus	Wikidata:Q895365	bovine leukemia virus	true	
NCBITaxon:1191121	Demodex injai	Wikidata:Q5255923	demodex injai	false	
NCBITaxon:1191121	Demodex injai	Wikidata:Q5255923	demodex injai	true	
NCBITaxon:11978	Feline calicivirus	Wikidata:Q13499373	feline calicivirus	false	
NCBITaxon:11978	Feline calicivirus	Wikidata:Q13499373	feline calicivirus	true	
NCBITaxon:12064	Bovine enterovirus	Wikipedia:Bovine_enterovirus	bovine enterovirus	false	
NCBITaxon:12064	Bovine enterovirus	Wikipedia:Bovine_enterovirus	bovine enterovirus	true	
NCBITaxon:12136	Cricket paralysis virus	Wikidata:Q5185050	cricket paralysis virus	false	
NCBITaxon:12136	Cricket paralysis virus	Wikidata:Q5185050	cricket paralysis virus	true	
NCBITaxon:12618	Chicken anemia virus	Wikipedia:Chicken_anaemia_virus	chicken anaemia virus	false	
NCBITaxon:12618	Chicken anemia virus	Wikipedia:Chicken_anaemia_virus	chicken anaemia virus	true	
NCBITaxon:12643	Ectromelia virus	Wikipedia:Ectromelia_virus	ectromelia virus	false	
NCBITaxon:12643	Ectromelia virus	Wikipedia:Ectromelia_virus	ectromelia virus	true	
NCBITaxon:12657	Equid herpesvirus 2	Wikidata:Q5384504	equine herpesvirus 2	false	
NCBITaxon:12657	Equid herpesvirus 2	Wikidata:Q5384504	equine herpesvirus 2	true	
NCBITaxon:12663	Feline coronavirus	Wikidata:Q454829	feline coronavirus	false	
NCBITaxon:12663	Feline coronavirus	Wikidata:Q454829	feline coronavirus	true	
NCBITaxon:1346	Streptococcus iniae	Wikidata:Q7623354	streptococcus iniae	false	
NCBITaxon:1346	Streptococcus iniae	Wikidata:Q7623354	streptococcus iniae	true	
NCBITaxon:135588	Histomonas meleagridis	Wikipedia:Histomonas_meleagridis	histomonas meleagridis	false	
NCBITaxon:135588	Histomonas meleagridis	Wikipedia:Histomonas_meleagridis	histomonas meleagridis	true	
NCBITaxon:138184	Alcelaphine herpesvirus 2	Wikidata:Q4712990	alcelaphine herpesvirus 2	false	
NCBITaxon:138184	Alcelaphine herpesvirus 2	Wikidata:Q4712990	alcelaphine herpesvirus 2	true	
NCBITaxon:1392	Bacillus anthracis	Wikidata:Q129104	anthrax	false	
NCBITaxon:1392	Bacillus anthracis	Wikidata:Q129104	anthrax	true	
NCBITaxon:143	Borrelia anserina	Wikipedia:Borrelia_anserina	borrelia anserina	false	
NCBITaxon:143	Borrelia anserina	Wikipedia:Borrelia_anserina	borrelia anserina	true	
NCBITaxon:143919	Betanodavirus	Wikidata:Q16975146	betanodavirus	false	
NCBITaxon:143919	Betanodavirus	Wikidata:Q16975146	betanodavirus	true	
NCBITaxon:153250	Cryptocaryon	Wikidata:Q4355890	cryptocaryon	false	
NCBITaxon:153250	Cryptocaryon	Wikidata:Q4355890	cryptocaryon	true	
NCBITaxon:157069	Trichobilharzia regenti	Wikipedia:Trichobilharzia_regenti	trichobilharzia regenti	false	
NCBITaxon:157069	Trichobilharzia regenti	Wikipedia:Trichobilharzia_regenti	trichobilharzia regenti	true	
NCBITaxon:160097	Bovicola bovis	Wikidata:Q9178224	bovicola bovis	false	
NCBITaxon:160097	Bovicola bovis	Wikidata:Q9178224	bovicola bovis	true	
NCBITaxon:1646	Renibacterium salmoninarum	Wikidata:Q16989049	renibacterium salmoninarum	false	
NCBITaxon:1646	Renibacterium salmoninarum	Wikidata:Q16989049	renibacterium salmoninarum	true	
NCBITaxon:170325	Canid herpesvirus 1	Wikidata:Q1033307	canine herpesvirus	false	
NCBITaxon:170325	Canid herpesvirus 1	Wikidata:Q1033307	canine herpesvirus	true	
NCBITaxon:172314	Ljungan virus	Wikipedia:Ljungan_virus	ljungan virus	false	
NCBITaxon:172314	Ljungan virus	Wikipedia:Ljungan_virus	ljungan virus	true	
NCBITaxon:1765	Mycobacterium bovis	Wikipedia:Mycobacterium_bovis	mycobacterium bovis	false	
NCBITaxon:1765	Mycobacterium bovis	Wikipedia:Mycobacterium_bovis	mycobacterium bovis	true	
NCBITaxon:180230	Cyprinid herpesvirus 3	Wikidata:Q386469	koi herpes virus	false	
NCBITaxon:186536	Ebolavirus	Wikidata:Q5331908	ebolavirus	false	
NCBITaxon:186536	Ebolavirus	Wikidata:Q5331908	ebolavirus	true	
NCBITaxon:186536	Ebolavirus	Wikipedia:Ebola_virus	ebola virus	false	
NCBITaxon:186536	Ebolavirus	Wikipedia:Ebola_virus	ebola virus	true	
NCBITaxon:186537	Marburgvirus	Wikidata:Q15728844	marburgvirus	false	
NCBITaxon:186537	Marburgvirus	Wikidata:Q15728844	marburgvirus	true	
NCBITaxon:186540	Sudan ebolavirus	Wikidata:Q7633348	sudan ebolavirus	false	
NCBITaxon:186540	Sudan ebolavirus	Wikidata:Q7633348	sudan ebolavirus	true	
NCBITaxon:186778	Novirhabdovirus	Wikidata:Q268743	novirhabdovirus	false	
NCBITaxon:186778	Novirhabdovirus	Wikidata:Q268743	novirhabdovirus	true	
NCBITaxon:194961	Erbovirus	Wikidata:Q5385174	erbovirus	false	
NCBITaxon:194961	Erbovirus	Wikidata:Q5385174	erbovirus	true	
NCBITaxon:195944	Leucocytozoon	Wikipedia:Leucocytozoon	leucocytozoon	false	
NCBITaxon:195944	Leucocytozoon	Wikipedia:Leucocytozoon	leucocytozoon	true	
NCBITaxon:2099	Mycoplasma hyopneumoniae	Wikipedia:Mycoplasma_hyopneumoniae	mycoplasma hyopneumoniae	false	
NCBITaxon:2099	Mycoplasma hyopneumoniae	Wikipedia:Mycoplasma_hyopneumoniae	mycoplasma hyopneumoniae	true	
NCBITaxon:2100	Mycoplasma hyorhinis	Wikipedia:Mycoplasma_hyorhinis	mycoplasma hyorhinis	false	
NCBITaxon:2100	Mycoplasma hyorhinis	Wikipedia:Mycoplasma_hyorhinis	mycoplasma hyorhinis	true	
NCBITaxon:2109	Mycoplasma synoviae	Wikidata:Q3869067	mycoplasma synoviae	false	
NCBITaxon:2109	Mycoplasma synoviae	Wikidata:Q3869067	mycoplasma synoviae	true	
NCBITaxon:216971	Schistosoma nasale	Wikidata:Q7431532	schistosoma nasale	false	
NCBITaxon:216971	Schistosoma nasale	Wikidata:Q7431532	schistosoma nasale	true	
NCBITaxon:218192	Anoplocephala perfoliata	Wikidata:Q3388255	anoplocephala perfoliata	false	
NCBITaxon:218192	Anoplocephala perfoliata	Wikidata:Q3388255	anoplocephala perfoliata	true	
NCBITaxon:231341	Dactylogyrus vastator	Wikidata:Q3388882	dactylogyrus vastator	false	
NCBITaxon:231341	Dactylogyrus vastator	Wikidata:Q3388882	dactylogyrus vastator	true	
NCBITaxon:237	Flavobacterium	Wikidata:Q140572	flavobacterium	false	
NCBITaxon:237	Flavobacterium	Wikidata:Q140572	flavobacterium	true	
NCBITaxon:240278	Nanophyetus salmincola	Wikidata:Q10335474	nanophyetus salmincola	false	
NCBITaxon:240278	Nanophyetus salmincola	Wikidata:Q10335474	nanophyetus salmincola	true	
NCBITaxon:260964	Henipavirus	Wikidata:Q1481398	henipavirus	false	
NCBITaxon:260964	Henipavirus	Wikidata:Q1481398	henipavirus	true	
NCBITaxon:271932	Tetracapsuloides bryosalmonae	Wikidata:Q7706223	tetracapsuloides bryosalmonae	false	
NCBITaxon:271932	Tetracapsuloides bryosalmonae	Wikidata:Q7706223	tetracapsuloides bryosalmonae	true	
NCBITaxon:28251	Ornithobacterium rhinotracheale	Wikipedia:Ornithobacterium_rhinotracheale	ornithobacterium rhinotracheale	false	
NCBITaxon:28251	Ornithobacterium rhinotracheale	Wikipedia:Ornithobacterium_rhinotracheale	ornithobacterium rhinotracheale	true	
NCBITaxon:28291	Thailand virus	Wikipedia:Thailand_virus	thailand virus	false	
NCBITaxon:28291	Thailand virus	Wikipedia:Thailand_virus	thailand virus	true	
NCBITaxon:28295	Porcine epidemic diarrhea virus	Wikipedia:Porcine_epidemic_diarrhea_virus	porcine epidemic diarrhea virus	false	
NCBITaxon:28295	Porcine epidemic diarrhea virus	Wikipedia:Porcine_epidemic_diarrhea_virus	porcine epidemic diarrhea virus	true	
NCBITaxon:28344	Porcine reproductive and respiratory syndrome virus	Wikipedia:Porcine_reproductive_and_respiratory_syndrome_virus	porcine reproductive and respiratory syndrome virus	false	
NCBITaxon:28344	Porcine reproductive and respiratory syndrome virus	Wikipedia:Porcine_reproductive_and_respiratory_syndrome_virus	porcine reproductive and respiratory syndrome virus	true	
NCBITaxon:29171	Dictyocaulus	Wikidata:Q957759	dictyocaulus	false	
NCBITaxon:29171	Dictyocaulus	Wikidata:Q957759	dictyocaulus	true	
NCBITaxon:29176	Neospora caninum	Wikidata:Q1431408	neospora caninum	false	
NCBITaxon:29176	Neospora caninum	Wikidata:Q1431408	neospora caninum	true	
NCBITaxon:29491	Aeromonas salmonicida subsp. salmonicida	Wikidata:Q4688338	aeromonas salmonicida	false	
NCBITaxon:29491	Aeromonas salmonicida subsp. salmonicida	Wikidata:Q4688338	aeromonas salmonicida	true	
NCBITaxon:29561	Mycoplasma meleagridis	Wikidata:Q3869031	mycoplasma meleagridis	false	
NCBITaxon:29561	Mycoplasma meleagridis	Wikidata:Q3869031	mycoplasma meleagridis	true	
NCBITaxon:308906	Megalocytivirus	Wikidata:Q16985267	megalocytivirus	false	
NCBITaxon:308906	Megalocytivirus	Wikidata:Q16985267	megalocytivirus	true	
NCBITaxon:32595	Babesia divergens	Wikidata:Q1002578	babesia divergens	false	
NCBITaxon:32595	Babesia divergens	Wikidata:Q1002578	babesia divergens	true	
NCBITaxon:33277	Ancylostomatoidea	Wikidata:Q14623417	hookworm	true	
NCBITaxon:34085	Riemerella anatipestifer	Wikipedia:Riemerella_anatipestifer	riemerella anatipestifer	false	
NCBITaxon:34085	Riemerella anatipestifer	Wikipedia:Riemerella_anatipestifer	riemerella anatipestifer	true	
NCBITaxon:34485	Entomophthora muscae	Wikidata:Q1428492	entomophthora muscae	false	
NCBITaxon:34485	Entomophthora muscae	Wikidata:Q1428492	entomophthora muscae	true	
NCBITaxon:34641	Dermanyssus gallinae	Wikipedia:Dermanyssus_gallinae	dermanyssus gallinae	false	
NCBITaxon:34641	Dermanyssus gallinae	Wikipedia:Dermanyssus_gallinae	dermanyssus gallinae	true	
NCBITaxon:348837	Spironucleus salmonicida	Wikidata:Q7578190	spironucleus salmonicida	false	
NCBITaxon:348837	Spironucleus salmonicida	Wikidata:Q7578190	spironucleus salmonicida	true	
NCBITaxon:35244	Bovine herpesvirus 5	Wikidata:Q4950564	bovine herpesvirus 5	false	
NCBITaxon:35244	Bovine herpesvirus 5	Wikidata:Q4950564	bovine herpesvirus 5	true	
NCBITaxon:35592	Henneguya zschokkei	Wikidata:Q16983022	henneguya zschokkei	false	
NCBITaxon:35592	Henneguya zschokkei	Wikidata:Q16983022	henneguya zschokkei	true	
NCBITaxon:35814	Bordetella holmesii	Wikipedia:Bordetella_holmesii	bordetella holmesii	false	
NCBITaxon:35814	Bordetella holmesii	Wikipedia:Bordetella_holmesii	bordetella holmesii	true	
NCBITaxon:36855	Brucella canis	Wikidata:Q4978547	brucella canis	false	
NCBITaxon:36855	Brucella canis	Wikidata:Q4978547	brucella canis	true	
NCBITaxon:37207	Rio Segundo virus	Wikipedia:Rio_Segundo_virus	rio segundo virus	false	
NCBITaxon:37207	Rio Segundo virus	Wikipedia:Rio_Segundo_virus	rio segundo virus	true	
NCBITaxon:38170	Avian orthoreovirus	Wikipedia:Avian_reovirus	avian reovirus	false	
NCBITaxon:38170	Avian orthoreovirus	Wikipedia:Avian_reovirus	avian reovirus	true	
NCBITaxon:38294	Photobacterium damselae subsp. piscicida	Wikidata:Q7187713	photobacterium damselae subsp. piscicida	false	
NCBITaxon:38294	Photobacterium damselae subsp. piscicida	Wikidata:Q7187713	photobacterium damselae subsp. piscicida	true	
NCBITaxon:38525	Avian metapneumovirus	Wikidata:Q4828563	avian pneumovirus	false	
NCBITaxon:38525	Avian metapneumovirus	Wikidata:Q4828563	avian pneumovirus	true	
NCBITaxon:38766	Lagos bat virus	Wikidata:Q16984206	lagos bat virus	false	
NCBITaxon:38766	Lagos bat virus	Wikidata:Q16984206	lagos bat virus	true	
NCBITaxon:389483	Ovine adenovirus B	Wikidata:Q4950553	bovine adenovirus	false	
NCBITaxon:389483	Ovine adenovirus B	Wikidata:Q4950553	bovine adenovirus	true	
NCBITaxon:394415	Fascioloides magna	Wikidata:Q3376138	fascioloides magna	false	
NCBITaxon:394415	Fascioloides magna	Wikidata:Q3376138	fascioloides magna	true	
NCBITaxon:399095	Thompsonia	Wikidata:Q6549399	thompsonia (barnacle)	false	
NCBITaxon:399095	Thompsonia	Wikidata:Q6549399	thompsonia (barnacle)	true	
NCBITaxon:40411	Chrysosporium	Wikidata:Q5114948	chrysosporium	false	
NCBITaxon:40411	Chrysosporium	Wikidata:Q5114948	chrysosporium	true	
NCBITaxon:405554	White bream virus	Wikipedia:White_Bream_virus	white bream virus	false	
NCBITaxon:405554	White bream virus	Wikipedia:White_Bream_virus	white bream virus	true	
NCBITaxon:412152	Hematodinium perezi	Wikidata:Q5711152	hematodinium perezi	false	
NCBITaxon:412152	Hematodinium perezi	Wikidata:Q5711152	hematodinium perezi	true	
NCBITaxon:42862	Rickettsia felis	Wikidata:Q7331931	rickettsia felis	false	
NCBITaxon:42862	Rickettsia felis	Wikidata:Q7331931	rickettsia felis	true	
NCBITaxon:42893	Sphaerothecum destruens	Wikidata:Q7576578	sphaerothecum destruens	false	
NCBITaxon:42893	Sphaerothecum destruens	Wikidata:Q7576578	sphaerothecum destruens	true	
NCBITaxon:447689	Tenacibaculum soleae	Wikidata:Q16992998	tenacibaculum soleae	false	
NCBITaxon:447689	Tenacibaculum soleae	Wikidata:Q16992998	tenacibaculum soleae	true	
NCBITaxon:46320	Distichia	Wikidata:Q1229478	distichia	false	
NCBITaxon:46320	Distichia	Wikidata:Q1229478	distichia	true	
NCBITaxon:46685	Ascaridia galli	Wikipedia:Ascaridia_galli	ascaridia galli	false	
NCBITaxon:46685	Ascaridia galli	Wikipedia:Ascaridia_galli	ascaridia galli	true	
NCBITaxon:46835	Fasciola gigantica	Wikidata:Q2566614	fasciola gigantica	false	
NCBITaxon:46835	Fasciola gigantica	Wikidata:Q2566614	fasciola gigantica	true	
NCBITaxon:46920	Rio Mamore virus	Wikipedia:Rio_Mamore_virus	rio mamore virus	false	
NCBITaxon:46920	Rio Mamore virus	Wikipedia:Rio_Mamore_virus	rio mamore virus	true	
NCBITaxon:47589	Rickettsia peacockii	Wikipedia:Rickettsia_peacockii	rickettsia peacockii	false	
NCBITaxon:47589	Rickettsia peacockii	Wikipedia:Rickettsia_peacockii	rickettsia peacockii	true	
NCBITaxon:476	Moraxella bovis	Wikidata:Q6909425	moraxella bovis	false	
NCBITaxon:476	Moraxella bovis	Wikidata:Q6909425	moraxella bovis	true	
NCBITaxon:4769	Saprolegnia	Wikidata:Q134922	saprolegnia	false	
NCBITaxon:4769	Saprolegnia	Wikidata:Q134922	saprolegnia	true	
NCBITaxon:48410	Equine herpesvirus sp.	Wikidata:Q883829	equine herpesvirus	false	
NCBITaxon:48410	Equine herpesvirus sp.	Wikidata:Q883829	equine herpesvirus	true	
NCBITaxon:499826	Nicothoe astaci	Wikidata:Q3809122	nicothoe astaci	false	
NCBITaxon:499826	Nicothoe astaci	Wikidata:Q3809122	nicothoe astaci	true	
NCBITaxon:508692	Drosophila endobranchia	Wikidata:Q5308585	drosophila endobranchia	false	
NCBITaxon:508692	Drosophila endobranchia	Wikidata:Q5308585	drosophila endobranchia	true	
NCBITaxon:51649	Sacculina	Wikidata:Q150610	sacculina	false	
NCBITaxon:51649	Sacculina	Wikidata:Q150610	sacculina	true	
NCBITaxon:518	Bordetella bronchiseptica	Wikipedia:Bordetella_bronchiseptica	bordetella bronchiseptica	false	
NCBITaxon:518	Bordetella bronchiseptica	Wikipedia:Bordetella_bronchiseptica	bordetella bronchiseptica	true	
NCBITaxon:52584	Brachyspira pilosicoli	Wikidata:Q4953571	brachyspira pilosicoli	false	
NCBITaxon:52584	Brachyspira pilosicoli	Wikidata:Q4953571	brachyspira pilosicoli	true	
NCBITaxon:528322	Serang virus	Wikipedia:Serang_virus	serang virus	false	
NCBITaxon:528322	Serang virus	Wikipedia:Serang_virus	serang virus	true	
NCBITaxon:55047	Bassariscus astutus	Wikipedia:Ringtail_%28disease%29	ringtail (disease)	false	
NCBITaxon:55047	Bassariscus astutus	Wikipedia:Ringtail_%28disease%29	ringtail (disease)	true	
NCBITaxon:5506	Fusarium	Wikidata:Q131672	fusarium	false	
NCBITaxon:5506	Fusarium	Wikidata:Q131672	fusarium	true	
NCBITaxon:55272	Metastrongylus	Wikipedia:Metastrongylus	metastrongylus	false	
NCBITaxon:55272	Metastrongylus	Wikipedia:Metastrongylus	metastrongylus	true	
NCBITaxon:55601	Vibrio anguillarum	Wikidata:Q7924678	vibrio anguillarum	false	
NCBITaxon:55601	Vibrio anguillarum	Wikidata:Q7924678	vibrio anguillarum	true	
NCBITaxon:55987	Infectious salmon anemia virus	Wikidata:Q547421	infectious salmon anemia virus	false	
NCBITaxon:55987	Infectious salmon anemia virus	Wikidata:Q547421	infectious salmon anemia virus	true	
NCBITaxon:562	Escherichia coli	Wikipedia:Escherichia_coli	escherichia coli	false	
NCBITaxon:562	Escherichia coli	Wikipedia:Escherichia_coli	escherichia coli	true	
NCBITaxon:5690	Trypanosoma	Wikidata:Q541987	trypanosoma	false	
NCBITaxon:5690	Trypanosoma	Wikidata:Q541987	trypanosoma	true	
NCBITaxon:57078	Dicrocoelium dendriticum	Wikidata:Q21053	dicrocoelium dendriticum	false	
NCBITaxon:57078	Dicrocoelium dendriticum	Wikidata:Q21053	dicrocoelium dendriticum	true	
NCBITaxon:5796	Coccidia	Wikidata:Q1147204	coccidia	false	
NCBITaxon:5796	Coccidia	Wikidata:Q1147204	coccidia	true	
NCBITaxon:5800	Eimeria	Wikipedia:Eimeria	eimeria	false	
NCBITaxon:5800	Eimeria	Wikipedia:Eimeria	eimeria	true	
NCBITaxon:5806	Cryptosporidium	Wikidata:Q133078	cryptosporidium	false	
NCBITaxon:5806	Cryptosporidium	Wikidata:Q133078	cryptosporidium	true	
NCBITaxon:5811	Toxoplasma gondii	Wikidata:Q131003	toxoplasma gondii	false	
NCBITaxon:5811	Toxoplasma gondii	Wikidata:Q131003	toxoplasma gondii	true	
NCBITaxon:5849	Plasmodium gallinaceum	Wikipedia:Plasmodium_gallinaceum	plasmodium gallinaceum	false	
NCBITaxon:5849	Plasmodium gallinaceum	Wikipedia:Plasmodium_gallinaceum	plasmodium gallinaceum	true	
NCBITaxon:59264	Toxascaris leonina	Wikidata:Q145041	toxascaris leonina	false	
NCBITaxon:59264	Toxascaris leonina	Wikidata:Q145041	toxascaris leonina	true	
NCBITaxon:60662	Ceratomyxa shasta	Wikidata:Q17071989	ceratomyxa shasta	false	
NCBITaxon:60662	Ceratomyxa shasta	Wikidata:Q17071989	ceratomyxa shasta	true	
NCBITaxon:6189	Schistosoma spindale	Wikidata:Q7431533	schistosoma spindale	false	
NCBITaxon:6189	Schistosoma spindale	Wikidata:Q7431533	schistosoma spindale	true	
NCBITaxon:6192	Fasciola hepatica	Wikidata:Q334149	fasciola hepatica	false	
NCBITaxon:6192	Fasciola hepatica	Wikidata:Q334149	fasciola hepatica	true	
NCBITaxon:6210	Echinococcus granulosus	Wikidata:Q630200	echinococcus granulosus	false	
NCBITaxon:6210	Echinococcus granulosus	Wikidata:Q630200	echinococcus granulosus	true	
NCBITaxon:6253	Ascaris suum	Wikipedia:Ascaris_suum	ascaris suum	false	
NCBITaxon:6253	Ascaris suum	Wikipedia:Ascaris_suum	ascaris suum	true	
NCBITaxon:6289	Haemonchus contortus	Wikipedia:Haemonchus_contortus	haemonchus contortus	false	
NCBITaxon:6289	Haemonchus contortus	Wikipedia:Haemonchus_contortus	haemonchus contortus	true	
NCBITaxon:636	Edwardsiella tarda	Wikidata:Q3048738	edwardsiella tarda	false	
NCBITaxon:636	Edwardsiella tarda	Wikidata:Q3048738	edwardsiella tarda	true	
NCBITaxon:644	Aeromonas hydrophila	Wikidata:Q2697755	aeromonas hydrophila	false	
NCBITaxon:644	Aeromonas hydrophila	Wikidata:Q2697755	aeromonas hydrophila	true	
NCBITaxon:645	Aeromonas salmonicida	Wikidata:Q4688338	aeromonas salmonicida	false	
NCBITaxon:645	Aeromonas salmonicida	Wikidata:Q4688338	aeromonas salmonicida	true	
NCBITaxon:64667	Mycobacterium lepraemurium	Wikidata:Q6947057	mycobacterium lepraemurium	false	
NCBITaxon:64667	Mycobacterium lepraemurium	Wikidata:Q6947057	mycobacterium lepraemurium	true	
NCBITaxon:675389	Avian bornavirus	Wikidata:Q4828540	avian bornavirus	false	
NCBITaxon:675389	Avian bornavirus	Wikidata:Q4828540	avian bornavirus	true	
NCBITaxon:67780	Edwardsiella ictaluri	Wikidata:Q5346148	edwardsiella ictaluri	false	
NCBITaxon:67780	Edwardsiella ictaluri	Wikidata:Q5346148	edwardsiella ictaluri	true	
NCBITaxon:692069	Falcon adenovirus A	Wikidata:Q16981961	falcon adenovirus a	false	
NCBITaxon:692069	Falcon adenovirus A	Wikidata:Q16981961	falcon adenovirus a	true	
NCBITaxon:694017	Torovirinae	Wikipedia:Torovirinae	torovirinae	false	
NCBITaxon:694017	Torovirinae	Wikipedia:Torovirinae	torovirinae	true	
NCBITaxon:69470	Kudoa thyrsites	Wikidata:Q3151525	kudoa thyrsites	false	
NCBITaxon:69470	Kudoa thyrsites	Wikidata:Q3151525	kudoa thyrsites	true	
NCBITaxon:69811	Leuciscus idus	Wikipedia:Orf_%28disease%29	orf (disease)	true	
NCBITaxon:69816	Symbion	Wikidata:Q502012	symbion	false	
NCBITaxon:69816	Symbion	Wikidata:Q502012	symbion	true	
NCBITaxon:70241	Syngamus trachea	Wikipedia:Gapeworm	gapeworm	false	
NCBITaxon:70241	Syngamus trachea	Wikipedia:Gapeworm	gapeworm	true	
NCBITaxon:70566	Akabane virus	Wikidata:Q413749	akabane virus	false	
NCBITaxon:70566	Akabane virus	Wikidata:Q413749	akabane virus	true	
NCBITaxon:70666	Schistocephalus	Wikidata:Q16999107	schistocephalus	false	
NCBITaxon:70666	Schistocephalus	Wikidata:Q16999107	schistocephalus	true	
NCBITaxon:70796	Avian encephalomyelitis virus	Wikidata:Q4112122	avian encephalomyelitis virus	false	
NCBITaxon:70796	Avian encephalomyelitis virus	Wikidata:Q4112122	avian encephalomyelitis virus	true	
NCBITaxon:71001	Pfiesteria piscicida	Wikidata:Q15156646	pfiesteria piscicida	false	
NCBITaxon:71001	Pfiesteria piscicida	Wikidata:Q15156646	pfiesteria piscicida	true	
NCBITaxon:716	Actinobacillus suis	Wikipedia:Actinobacillus_suis	actinobacillus suis	false	
NCBITaxon:716	Actinobacillus suis	Wikipedia:Actinobacillus_suis	actinobacillus suis	true	
NCBITaxon:72036	Lepeophtheirus salmonis	Wikidata:Q1812814	salmon louse	false	
NCBITaxon:72036	Lepeophtheirus salmonis	Wikidata:Q1812814	salmon louse	true	
NCBITaxon:746543	Shimoni bat virus	Wikidata:Q7497004	shimoni bat virus	false	
NCBITaxon:746543	Shimoni bat virus	Wikidata:Q7497004	shimoni bat virus	true	
NCBITaxon:77521	Haemoproteus	Wikipedia:Haemoproteus	haemoproteus	false	
NCBITaxon:77521	Haemoproteus	Wikipedia:Haemoproteus	haemoproteus	true	
NCBITaxon:77522	Haemoproteus columbae	Wikipedia:Haemoproteus_columbae	haemoproteus columbae	false	
NCBITaxon:77522	Haemoproteus columbae	Wikipedia:Haemoproteus_columbae	haemoproteus columbae	true	
NCBITaxon:779	Ehrlichia ruminantium	Wikidata:Q1118366	ehrlichia ruminantium	false	
NCBITaxon:779	Ehrlichia ruminantium	Wikidata:Q1118366	ehrlichia ruminantium	true	
NCBITaxon:782	Rickettsia prowazekii	Wikipedia:Rickettsia_prowazekii	rickettsia prowazekii	false	
NCBITaxon:782	Rickettsia prowazekii	Wikipedia:Rickettsia_prowazekii	rickettsia prowazekii	true	
NCBITaxon:783	Rickettsia rickettsii	Wikipedia:Rickettsia_rickettsii	rickettsia rickettsii	false	
NCBITaxon:783	Rickettsia rickettsii	Wikipedia:Rickettsia_rickettsii	rickettsia rickettsii	true	
NCBITaxon:80341	Equid herpesvirus 3	Wikidata:Q5384505	equine herpesvirus 3	false	
NCBITaxon:80341	Equid herpesvirus 3	Wikidata:Q5384505	equine herpesvirus 3	true	
NCBITaxon:83555	Chlamydophila abortus	Wikidata:Q2705361	chlamydophila abortus	false	
NCBITaxon:83555	Chlamydophila abortus	Wikidata:Q2705361	chlamydophila abortus	true	
NCBITaxon:83556	Chlamydophila felis	Wikidata:Q5102723	chlamydophila felis	false	
NCBITaxon:83556	Chlamydophila felis	Wikidata:Q5102723	chlamydophila felis	true	
NCBITaxon:99802	Spirometra erinaceieuropaei	Wikipedia:Spirometra_erinaceieuropaei	spirometra erinaceieuropaei	false	
NCBITaxon:99802	Spirometra erinaceieuropaei	Wikipedia:Spirometra_erinaceieuropaei	spirometra erinaceieuropaei	true	
Wikidata:Q1002578	babesia divergens	NCBITaxon:32595	Babesia divergens	false	
Wikidata:Q1002578	babesia divergens	NCBITaxon:32595	Babesia divergens	true	
Wikidata:Q1033307	canine herpesvirus	NCBITaxon:170325	Canid herpesvirus 1	false	
Wikidata:Q1033307	canine herpesvirus	NCBITaxon:170325	Canid herpesvirus 1	true	
Wikidata:Q10335474	nanophyetus salmincola	NCBITaxon:240278	Nanophyetus salmincola	false	
Wikidata:Q10335474	nanophyetus salmincola	NCBITaxon:240278	Nanophyetus salmincola	true	
Wikidata:Q1118366	ehrlichia ruminantium	NCBITaxon:779	Ehrlichia ruminantium	false	
Wikidata:Q1118366	ehrlichia ruminantium	NCBITaxon:779	Ehrlichia ruminantium	true	
Wikidata:Q1129598	feline immunodeficiency virus	NCBITaxon:11673	Feline immunodeficiency virus	false	
Wikidata:Q1129598	feline immunodeficiency virus	NCBITaxon:11673	Feline immunodeficiency virus	true	
Wikidata:Q1147204	coccidia	NCBITaxon:5796	Coccidia	false	
Wikidata:Q1147204	coccidia	NCBITaxon:5796	Coccidia	true	
Wikidata:Q1229478	distichia	NCBITaxon:46320	Distichia	false	
Wikidata:Q1229478	distichia	NCBITaxon:46320	Distichia	true	
Wikidata:Q129104	anthrax	NCBITaxon:1392	Bacillus anthracis	false	
Wikidata:Q129104	anthrax	NCBITaxon:1392	Bacillus anthracis	true	
Wikidata:Q131003	toxoplasma gondii	NCBITaxon:5811	Toxoplasma gondii	false	
Wikidata:Q131003	toxoplasma gondii	NCBITaxon:5811	Toxoplasma gondii	true	
Wikidata:Q131672	fusarium	NCBITaxon:5506	Fusarium	false	
Wikidata:Q131672	fusarium	NCBITaxon:5506	Fusarium	true	
Wikidata:Q133078	cryptosporidium	NCBITaxon:5806	Cryptosporidium	false	
Wikidata:Q133078	cryptosporidium	NCBITaxon:5806	Cryptosporidium	true	
Wikidata:Q134922	saprolegnia	NCBITaxon:4769	Saprolegnia	false	
Wikidata:Q134922	saprolegnia	NCBITaxon:4769	Saprolegnia	true	
Wikidata:Q13499373	feline calicivirus	NCBITaxon:11978	Feline calicivirus	false	
Wikidata:Q13499373	feline calicivirus	NCBITaxon:11978	Feline calicivirus	true	
Wikidata:Q140572	flavobacterium	NCBITaxon:237	Flavobacterium	false	
Wikidata:Q140572	flavobacterium	NCBITaxon:237	Flavobacterium	true	
Wikidata:Q1428492	entomophthora muscae	NCBITaxon:34485	Entomophthora muscae	false	
Wikidata:Q1428492	entomophthora muscae	NCBITaxon:34485	Entomophthora muscae	true	
Wikidata:Q1431408	neospora caninum	NCBITaxon:29176	Neospora caninum	false	
Wikidata:Q1431408	neospora caninum	NCBITaxon:29176	Neospora caninum	true	
Wikidata:Q145041	toxascaris leonina	NCBITaxon:59264	Toxascaris leonina	false	
Wikidata:Q145041	toxascaris leonina	NCBITaxon:59264	Toxascaris leonina	true	
Wikidata:Q14623417	hookworm	NCBITaxon:33277	Ancylostomatoidea	true	
Wikidata:Q1481398	henipavirus	NCBITaxon:260964	Henipavirus	false	
Wikidata:Q1481398	henipavirus	NCBITaxon:260964	Henipavirus	true	
Wikidata:Q150610	sacculina	NCBITaxon:51649	Sacculina	false	
Wikidata:Q150610	sacculina	NCBITaxon:51649	Sacculina	true	
Wikidata:Q15156646	pfiesteria piscicida	NCBITaxon:71001	Pfiesteria piscicida	false	
Wikidata:Q15156646	pfiesteria piscicida	NCBITaxon:71001	Pfiesteria piscicida	true	
Wikidata:Q1553609	canine parvovirus	NCBITaxon:10788	Canine parvovirus	false	
Wikidata:Q1553609	canine parvovirus	NCBITaxon:10788	Canine parvovirus	true	
Wikidata:Q15728844	marburgvirus	NCBITaxon:186537	Marburgvirus	false	
Wikidata:Q15728844	marburgvirus	NCBITaxon:186537	Marburgvirus	true	
Wikidata:Q158856	west nile virus	NCBITaxon:11082	West Nile virus	false	
Wikidata:Q158856	west nile virus	NCBITaxon:11082	West Nile virus	true	
Wikidata:Q15991450	equine herpesvirus 5	NCBITaxon:10371	Equid herpesvirus 5	false	
Wikidata:Q15991450	equine herpesvirus 5	NCBITaxon:10371	Equid herpesvirus 5	true	
Wikidata:Q16975146	betanodavirus	NCBITaxon:143919	Betanodavirus	false	
Wikidata:Q16975146	betanodavirus	NCBITaxon:143919	Betanodavirus	true	
Wikidata:Q16981961	falcon adenovirus a	NCBITaxon:692069	Falcon adenovirus A	false	
Wikidata:Q16981961	falcon adenovirus a	NCBITaxon:692069	Falcon adenovirus A	true	
Wikidata:Q16983022	henneguya zschokkei	NCBITaxon:35592	Henneguya zschokkei	false	
Wikidata:Q16983022	henneguya zschokkei	NCBITaxon:35592	Henneguya zschokkei	true	
Wikidata:Q16984206	lagos bat virus	NCBITaxon:38766	Lagos bat virus	false	
Wikidata:Q16984206	lagos bat virus	NCBITaxon:38766	Lagos bat virus	true	
Wikidata:Q16985267	megalocytivirus	NCBITaxon:308906	Megalocytivirus	false	
Wikidata:Q16985267	megalocytivirus	NCBITaxon:308906	Megalocytivirus	true	
Wikidata:Q16989049	renibacterium salmoninarum	NCBITaxon:1646	Renibacterium salmoninarum	false	
Wikidata:Q16989049	renibacterium salmoninarum	NCBITaxon:1646	Renibacterium salmoninarum	true	
Wikidata:Q16992998	tenacibaculum soleae	NCBITaxon:447689	Tenacibaculum soleae	false	
Wikidata:Q16992998	tenacibaculum soleae	NCBITaxon:447689	Tenacibaculum soleae	true	
Wikidata:Q16999107	schistocephalus	NCBITaxon:70666	Schistocephalus	false	
Wikidata:Q16999107	schistocephalus	NCBITaxon:70666	Schistocephalus	true	
Wikidata:Q17071989	ceratomyxa shasta	NCBITaxon:60662	Ceratomyxa shasta	false	
Wikidata:Q17071989	ceratomyxa shasta	NCBITaxon:60662	Ceratomyxa shasta	true	
Wikidata:Q1753162	mononegavirales	NCBITaxon:11157	Mononegavirales	false	
Wikidata:Q1753162	mononegavirales	NCBITaxon:11157	Mononegavirales	true	
Wikidata:Q1812814	salmon louse	NCBITaxon:72036	Lepeophtheirus salmonis	false	
Wikidata:Q1812814	salmon louse	NCBITaxon:72036	Lepeophtheirus salmonis	true	
Wikidata:Q21053	dicrocoelium dendriticum	NCBITaxon:57078	Dicrocoelium dendriticum	false	
Wikidata:Q21053	dicrocoelium dendriticum	NCBITaxon:57078	Dicrocoelium dendriticum	true	
Wikidata:Q2566614	fasciola gigantica	NCBITaxon:46835	Fasciola gigantica	false	
Wikidata:Q2566614	fasciola gigantica	NCBITaxon:46835	Fasciola gigantica	true	
Wikidata:Q267036	schmallenberg virus	NCBITaxon:1133363	Schmallenberg virus	false	
Wikidata:Q267036	schmallenberg virus	NCBITaxon:1133363	Schmallenberg virus	true	
Wikidata:Q268743	novirhabdovirus	NCBITaxon:186778	Novirhabdovirus	false	
Wikidata:Q268743	novirhabdovirus	NCBITaxon:186778	Novirhabdovirus	true	
Wikidata:Q2697755	aeromonas hydrophila	NCBITaxon:644	Aeromonas hydrophila	false	
Wikidata:Q2697755	aeromonas hydrophila	NCBITaxon:644	Aeromonas hydrophila	true	
Wikidata:Q2705361	chlamydophila abortus	NCBITaxon:83555	Chlamydophila abortus	false	
Wikidata:Q2705361	chlamydophila abortus	NCBITaxon:83555	Chlamydophila abortus	true	
Wikidata:Q2874269	avian adenovirus	NCBITaxon:10555	avian adenovirus	false	
Wikidata:Q2874269	avian adenovirus	NCBITaxon:10555	avian adenovirus	true	
Wikidata:Q3048738	edwardsiella tarda	NCBITaxon:636	Edwardsiella tarda	false	
Wikidata:Q3048738	edwardsiella tarda	NCBITaxon:636	Edwardsiella tarda	true	
Wikidata:Q306966	eastern equine encephalitis virus	NCBITaxon:11021	Eastern equine encephalitis virus	false	
Wikidata:Q306966	eastern equine encephalitis virus	NCBITaxon:11021	Eastern equine encephalitis virus	true	
Wikidata:Q3151525	kudoa thyrsites	NCBITaxon:69470	Kudoa thyrsites	false	
Wikidata:Q3151525	kudoa thyrsites	NCBITaxon:69470	Kudoa thyrsites	true	
Wikidata:Q324467	western equine encephalitis virus	NCBITaxon:11039	Western equine encephalomyelitis virus	false	
Wikidata:Q324467	western equine encephalitis virus	NCBITaxon:11039	Western equine encephalomyelitis virus	true	
Wikidata:Q334149	fasciola hepatica	NCBITaxon:6192	Fasciola hepatica	false	
Wikidata:Q334149	fasciola hepatica	NCBITaxon:6192	Fasciola hepatica	true	
Wikidata:Q3376138	fascioloides magna	NCBITaxon:394415	Fascioloides magna	false	
Wikidata:Q3376138	fascioloides magna	NCBITaxon:394415	Fascioloides magna	true	
Wikidata:Q3388255	anoplocephala perfoliata	NCBITaxon:218192	Anoplocephala perfoliata	false	
Wikidata:Q3388255	anoplocephala perfoliata	NCBITaxon:218192	Anoplocephala perfoliata	true	
Wikidata:Q3388882	dactylogyrus vastator	NCBITaxon:231341	Dactylogyrus vastator	false	
Wikidata:Q3388882	dactylogyrus vastator	NCBITaxon:231341	Dactylogyrus vastator	true	
Wikidata:Q3418768	ranavirus	NCBITaxon:10492	Ranavirus	false	
Wikidata:Q3418768	ranavirus	NCBITaxon:10492	Ranavirus	true	
Wikidata:Q3809122	nicothoe astaci	NCBITaxon:499826	Nicothoe astaci	false	
Wikidata:Q3809122	nicothoe astaci	NCBITaxon:499826	Nicothoe astaci	true	
Wikidata:Q386469	koi herpes virus	NCBITaxon:180230	Cyprinid herpesvirus 3	false	
Wikidata:Q3869031	mycoplasma meleagridis	NCBITaxon:29561	Mycoplasma meleagridis	false	
Wikidata:Q3869031	mycoplasma meleagridis	NCBITaxon:29561	Mycoplasma meleagridis	true	
Wikidata:Q3869067	mycoplasma synoviae	NCBITaxon:2109	Mycoplasma synoviae	false	
Wikidata:Q3869067	mycoplasma synoviae	NCBITaxon:2109	Mycoplasma synoviae	true	
Wikidata:Q4112122	avian encephalomyelitis virus	NCBITaxon:70796	Avian encephalomyelitis virus	false	
Wikidata:Q4112122	avian encephalomyelitis virus	NCBITaxon:70796	Avian encephalomyelitis virus	true	
Wikidata:Q413749	akabane virus	NCBITaxon:70566	Akabane virus	false	
Wikidata:Q413749	akabane virus	NCBITaxon:70566	Akabane virus	true	
Wikidata:Q4355890	cryptocaryon	NCBITaxon:153250	Cryptocaryon	false	
Wikidata:Q4355890	cryptocaryon	NCBITaxon:153250	Cryptocaryon	true	
Wikidata:Q454829	feline coronavirus	NCBITaxon:12663	Feline coronavirus	false	
Wikidata:Q454829	feline coronavirus	NCBITaxon:12663	Feline coronavirus	true	
Wikidata:Q46305	filoviridae	NCBITaxon:11266	Filoviridae	false	
Wikidata:Q46305	filoviridae	NCBITaxon:11266	Filoviridae	true	
Wikidata:Q4688338	aeromonas salmonicida	NCBITaxon:29491	Aeromonas salmonicida subsp. salmonicida	false	
Wikidata:Q4688338	aeromonas salmonicida	NCBITaxon:29491	Aeromonas salmonicida subsp. salmonicida	true	
Wikidata:Q4688338	aeromonas salmonicida	NCBITaxon:645	Aeromonas salmonicida	false	
Wikidata:Q4688338	aeromonas salmonicida	NCBITaxon:645	Aeromonas salmonicida	true	
Wikidata:Q4712990	alcelaphine herpesvirus 2	NCBITaxon:138184	Alcelaphine herpesvirus 2	false	
Wikidata:Q4712990	alcelaphine herpesvirus 2	NCBITaxon:138184	Alcelaphine herpesvirus 2	true	
Wikidata:Q473462	venezuelan equine encephalitis virus	NCBITaxon:11036	Venezuelan equine encephalitis virus	false	
Wikidata:Q473462	venezuelan equine encephalitis virus	NCBITaxon:11036	Venezuelan equine encephalitis virus	true	
Wikidata:Q478428	bovine herpesvirus 1	NCBITaxon:10320	Bovine herpesvirus 1	false	
Wikidata:Q478428	bovine herpesvirus 1	NCBITaxon:10320	Bovine herpesvirus 1	true	
Wikidata:Q4828540	avian bornavirus	NCBITaxon:675389	Avian bornavirus	false	
Wikidata:Q4828540	avian bornavirus	NCBITaxon:675389	Avian bornavirus	true	
Wikidata:Q4828563	avian pneumovirus	NCBITaxon:38525	Avian metapneumovirus	false	
Wikidata:Q4828563	avian pneumovirus	NCBITaxon:38525	Avian metapneumovirus	true	
Wikidata:Q4828931	avipoxvirus	NCBITaxon:10260	Avipoxvirus	false	
Wikidata:Q4828931	avipoxvirus	NCBITaxon:10260	Avipoxvirus	true	
Wikidata:Q4950553	bovine adenovirus	NCBITaxon:389483	Ovine adenovirus B	false	
Wikidata:Q4950553	bovine adenovirus	NCBITaxon:389483	Ovine adenovirus B	true	
Wikidata:Q4950554	bovine coronavirus	NCBITaxon:11128	Bovine coronavirus	false	
Wikidata:Q4950554	bovine coronavirus	NCBITaxon:11128	Bovine coronavirus	true	
Wikidata:Q4950560	bovine herpesvirus 2	NCBITaxon:10295	Bovine herpesvirus 2	false	
Wikidata:Q4950560	bovine herpesvirus 2	NCBITaxon:10295	Bovine herpesvirus 2	true	
Wikidata:Q4950561	bovine herpesvirus 4	NCBITaxon:10385	Bovine herpesvirus 4	false	
Wikidata:Q4950561	bovine herpesvirus 4	NCBITaxon:10385	Bovine herpesvirus 4	true	
Wikidata:Q4950564	bovine herpesvirus 5	NCBITaxon:35244	Bovine herpesvirus 5	false	
Wikidata:Q4950564	bovine herpesvirus 5	NCBITaxon:35244	Bovine herpesvirus 5	true	
Wikidata:Q4950565	bovine papillomavirus	NCBITaxon:10571	Bovine papillomavirus	false	
Wikidata:Q4950565	bovine papillomavirus	NCBITaxon:10571	Bovine papillomavirus	true	
Wikidata:Q4950567	bovine parvovirus	NCBITaxon:10784	Bovine parvovirus	false	
Wikidata:Q4950567	bovine parvovirus	NCBITaxon:10784	Bovine parvovirus	true	
Wikidata:Q4953571	brachyspira pilosicoli	NCBITaxon:52584	Brachyspira pilosicoli	false	
Wikidata:Q4953571	brachyspira pilosicoli	NCBITaxon:52584	Brachyspira pilosicoli	true	
Wikidata:Q4978547	brucella canis	NCBITaxon:36855	Brucella canis	false	
Wikidata:Q4978547	brucella canis	NCBITaxon:36855	Brucella canis	true	
Wikidata:Q502012	symbion	NCBITaxon:69816	Symbion	false	
Wikidata:Q502012	symbion	NCBITaxon:69816	Symbion	true	
Wikidata:Q5072490	channel catfish virus	NCBITaxon:10401	Ictalurid herpesvirus 1	false	
Wikidata:Q5072490	channel catfish virus	NCBITaxon:10401	Ictalurid herpesvirus 1	true	
Wikidata:Q5102723	chlamydophila felis	NCBITaxon:83556	Chlamydophila felis	false	
Wikidata:Q5102723	chlamydophila felis	NCBITaxon:83556	Chlamydophila felis	true	
Wikidata:Q5114948	chrysosporium	NCBITaxon:40411	Chrysosporium	false	
Wikidata:Q5114948	chrysosporium	NCBITaxon:40411	Chrysosporium	true	
Wikidata:Q5185050	cricket paralysis virus	NCBITaxon:12136	Cricket paralysis virus	false	
Wikidata:Q5185050	cricket paralysis virus	NCBITaxon:12136	Cricket paralysis virus	true	
Wikidata:Q5255923	demodex injai	NCBITaxon:1191121	Demodex injai	false	
Wikidata:Q5255923	demodex injai	NCBITaxon:1191121	Demodex injai	true	
Wikidata:Q5308585	drosophila endobranchia	NCBITaxon:508692	Drosophila endobranchia	false	
Wikidata:Q5308585	drosophila endobranchia	NCBITaxon:508692	Drosophila endobranchia	true	
Wikidata:Q5331908	ebolavirus	NCBITaxon:186536	Ebolavirus	false	
Wikidata:Q5331908	ebolavirus	NCBITaxon:186536	Ebolavirus	true	
Wikidata:Q5331908	ebolavirus	Wikipedia:Ebola_virus	ebola virus	false	
Wikidata:Q5331908	ebolavirus	Wikipedia:Ebola_virus	ebola virus	true	
Wikidata:Q5346148	edwardsiella ictaluri	NCBITaxon:67780	Edwardsiella ictaluri	false	
Wikidata:Q5346148	edwardsiella ictaluri	NCBITaxon:67780	Edwardsiella ictaluri	true	
Wikidata:Q5384503	equine herpesvirus 1	NCBITaxon:10326	Equid herpesvirus 1	false	
Wikidata:Q5384503	equine herpesvirus 1	NCBITaxon:10326	Equid herpesvirus 1	true	
Wikidata:Q5384504	equine herpesvirus 2	NCBITaxon:12657	Equid herpesvirus 2	false	
Wikidata:Q5384504	equine herpesvirus 2	NCBITaxon:12657	Equid herpesvirus 2	true	
Wikidata:Q5384505	equine herpesvirus 3	NCBITaxon:80341	Equid herpesvirus 3	false	
Wikidata:Q5384505	equine herpesvirus 3	NCBITaxon:80341	Equid herpesvirus 3	true	
Wikidata:Q5385174	erbovirus	NCBITaxon:194961	Erbovirus	false	
Wikidata:Q5385174	erbovirus	NCBITaxon:194961	Erbovirus	true	
Wikidata:Q541987	trypanosoma	NCBITaxon:5690	Trypanosoma	false	
Wikidata:Q541987	trypanosoma	NCBITaxon:5690	Trypanosoma	true	
Wikidata:Q547311	gallid herpesvirus 1	NCBITaxon:10386	Gallid herpesvirus 1	false	
Wikidata:Q547311	gallid herpesvirus 1	NCBITaxon:10386	Gallid herpesvirus 1	true	
Wikidata:Q547421	infectious salmon anemia virus	NCBITaxon:55987	Infectious salmon anemia virus	false	
Wikidata:Q547421	infectious salmon anemia virus	NCBITaxon:55987	Infectious salmon anemia virus	true	
Wikidata:Q5711152	hematodinium perezi	NCBITaxon:412152	Hematodinium perezi	false	
Wikidata:Q5711152	hematodinium perezi	NCBITaxon:412152	Hematodinium perezi	true	
Wikidata:Q5759382	highlands j virus	NCBITaxon:11024	Highlands J virus	false	
Wikidata:Q5759382	highlands j virus	NCBITaxon:11024	Highlands J virus	true	
Wikidata:Q5977522	equine herpesvirus 4	NCBITaxon:10331	Equid herpesvirus 4	false	
Wikidata:Q5977522	equine herpesvirus 4	NCBITaxon:10331	Equid herpesvirus 4	true	
Wikidata:Q630200	echinococcus granulosus	NCBITaxon:6210	Echinococcus granulosus	false	
Wikidata:Q630200	echinococcus granulosus	NCBITaxon:6210	Echinococcus granulosus	true	
Wikidata:Q6444827	kunjin virus	NCBITaxon:11077	Kunjin virus	false	
Wikidata:Q6444827	kunjin virus	NCBITaxon:11077	Kunjin virus	true	
Wikidata:Q6549399	thompsonia (barnacle)	NCBITaxon:399095	Thompsonia	false	
Wikidata:Q6549399	thompsonia (barnacle)	NCBITaxon:399095	Thompsonia	true	
Wikidata:Q6662207	lloviu virus	NCBITaxon:1104174	Lloviu virus	false	
Wikidata:Q6662207	lloviu virus	NCBITaxon:1104174	Lloviu virus	true	
Wikidata:Q6708248	lymphocystivirus	NCBITaxon:10494	Lymphocystivirus	false	
Wikidata:Q6708248	lymphocystivirus	NCBITaxon:10494	Lymphocystivirus	true	
Wikidata:Q6755280	marburg marburgvirus	NCBITaxon:11269	Marburg marburgvirus	false	
Wikidata:Q6755280	marburg marburgvirus	NCBITaxon:11269	Marburg marburgvirus	true	
Wikidata:Q6867816	mink enteritis virus	NCBITaxon:10792	Mink enteritis virus	false	
Wikidata:Q6867816	mink enteritis virus	NCBITaxon:10792	Mink enteritis virus	true	
Wikidata:Q6909425	moraxella bovis	NCBITaxon:476	Moraxella bovis	false	
Wikidata:Q6909425	moraxella bovis	NCBITaxon:476	Moraxella bovis	true	
Wikidata:Q6947057	mycobacterium lepraemurium	NCBITaxon:64667	Mycobacterium lepraemurium	false	
Wikidata:Q6947057	mycobacterium lepraemurium	NCBITaxon:64667	Mycobacterium lepraemurium	true	
Wikidata:Q7187713	photobacterium damselae subsp. piscicida	NCBITaxon:38294	Photobacterium damselae subsp. piscicida	false	
Wikidata:Q7187713	photobacterium damselae subsp. piscicida	NCBITaxon:38294	Photobacterium damselae subsp. piscicida	true	
Wikidata:Q7331931	rickettsia felis	NCBITaxon:42862	Rickettsia felis	false	
Wikidata:Q7331931	rickettsia felis	NCBITaxon:42862	Rickettsia felis	true	
Wikidata:Q7431532	schistosoma nasale	NCBITaxon:216971	Schistosoma nasale	false	
Wikidata:Q7431532	schistosoma nasale	NCBITaxon:216971	Schistosoma nasale	true	
Wikidata:Q7431533	schistosoma spindale	NCBITaxon:6189	Schistosoma spindale	false	
Wikidata:Q7431533	schistosoma spindale	NCBITaxon:6189	Schistosoma spindale	true	
Wikidata:Q7497004	shimoni bat virus	NCBITaxon:746543	Shimoni bat virus	false	
Wikidata:Q7497004	shimoni bat virus	NCBITaxon:746543	Shimoni bat virus	true	
Wikidata:Q7547179	snakehead rhabdovirus	NCBITaxon:103603	Snakehead virus	false	
Wikidata:Q7547179	snakehead rhabdovirus	NCBITaxon:103603	Snakehead virus	true	
Wikidata:Q7576578	sphaerothecum destruens	NCBITaxon:42893	Sphaerothecum destruens	false	
Wikidata:Q7576578	sphaerothecum destruens	NCBITaxon:42893	Sphaerothecum destruens	true	
Wikidata:Q7578190	spironucleus salmonicida	NCBITaxon:348837	Spironucleus salmonicida	false	
Wikidata:Q7578190	spironucleus salmonicida	NCBITaxon:348837	Spironucleus salmonicida	true	
Wikidata:Q7623354	streptococcus iniae	NCBITaxon:1346	Streptococcus iniae	false	
Wikidata:Q7623354	streptococcus iniae	NCBITaxon:1346	Streptococcus iniae	true	
Wikidata:Q7633348	sudan ebolavirus	NCBITaxon:186540	Sudan ebolavirus	false	
Wikidata:Q7633348	sudan ebolavirus	NCBITaxon:186540	Sudan ebolavirus	true	
Wikidata:Q769471	feline leukemia virus	NCBITaxon:11768	Feline leukemia virus	false	
Wikidata:Q769471	feline leukemia virus	NCBITaxon:11768	Feline leukemia virus	true	
Wikidata:Q7706223	tetracapsuloides bryosalmonae	NCBITaxon:271932	Tetracapsuloides bryosalmonae	false	
Wikidata:Q7706223	tetracapsuloides bryosalmonae	NCBITaxon:271932	Tetracapsuloides bryosalmonae	true	
Wikidata:Q7855142	turkey coronavirus	NCBITaxon:11152	Turkey coronavirus	false	
Wikidata:Q7855142	turkey coronavirus	NCBITaxon:11152	Turkey coronavirus	true	
Wikidata:Q7924678	vibrio anguillarum	NCBITaxon:55601	Vibrio anguillarum	false	
Wikidata:Q7924678	vibrio anguillarum	NCBITaxon:55601	Vibrio anguillarum	true	
Wikidata:Q880931	infectious hematopoietic necrosis virus	NCBITaxon:11290	Infectious hematopoietic necrosis virus	false	
Wikidata:Q880931	infectious hematopoietic necrosis virus	NCBITaxon:11290	Infectious hematopoietic necrosis virus	true	
Wikidata:Q883829	equine herpesvirus	NCBITaxon:48410	Equine herpesvirus sp.	false	
Wikidata:Q883829	equine herpesvirus	NCBITaxon:48410	Equine herpesvirus sp.	true	
Wikidata:Q895365	bovine leukemia virus	NCBITaxon:11901	Bovine leukemia virus	false	
Wikidata:Q895365	bovine leukemia virus	NCBITaxon:11901	Bovine leukemia virus	true	
Wikidata:Q9178224	bovicola bovis	NCBITaxon:160097	Bovicola bovis	false	
Wikidata:Q9178224	bovicola bovis	NCBITaxon:160097	Bovicola bovis	true	
Wikidata:Q957759	dictyocaulus	NCBITaxon:29171	Dictyocaulus	false	
Wikidata:Q957759	dictyocaulus	NCBITaxon:29171	Dictyocaulus	true	
Wikipedia:Abelson_murine_leukemia_virus	abelson murine leukemia virus	NCBITaxon:11788	Abelson murine leukemia virus	false	
Wikipedia:Abelson_murine_leukemia_virus	abelson murine leukemia virus	NCBITaxon:11788	Abelson murine leukemia virus	true	
Wikipedia:Actinobacillus_suis	actinobacillus suis	NCBITaxon:716	Actinobacillus suis	false	
Wikipedia:Actinobacillus_suis	actinobacillus suis	NCBITaxon:716	Actinobacillus suis	true	
Wikipedia:African_swine_fever_virus	african swine fever virus	NCBITaxon:10497	African swine fever virus	false	
Wikipedia:African_swine_fever_virus	african swine fever virus	NCBITaxon:10497	African swine fever virus	true	
Wikipedia:Aphanomyces_astaci	aphanomyces astaci	NCBITaxon:112090	Aphanomyces astaci	false	
Wikipedia:Aphanomyces_astaci	aphanomyces astaci	NCBITaxon:112090	Aphanomyces astaci	true	
Wikipedia:Ascaridia_galli	ascaridia galli	NCBITaxon:46685	Ascaridia galli	false	
Wikipedia:Ascaridia_galli	ascaridia galli	NCBITaxon:46685	Ascaridia galli	true	
Wikipedia:Ascaris_suum	ascaris suum	NCBITaxon:6253	Ascaris suum	false	
Wikipedia:Ascaris_suum	ascaris suum	NCBITaxon:6253	Ascaris suum	true	
Wikipedia:Avian_infectious_bronchitis_virus	avian infectious bronchitis virus	NCBITaxon:11120	Infectious bronchitis virus	false	
Wikipedia:Avian_infectious_bronchitis_virus	avian infectious bronchitis virus	NCBITaxon:11120	Infectious bronchitis virus	true	
Wikipedia:Avian_reovirus	avian reovirus	NCBITaxon:38170	Avian orthoreovirus	false	
Wikipedia:Avian_reovirus	avian reovirus	NCBITaxon:38170	Avian orthoreovirus	true	
Wikipedia:Bordetella_bronchiseptica	bordetella bronchiseptica	NCBITaxon:518	Bordetella bronchiseptica	false	
Wikipedia:Bordetella_bronchiseptica	bordetella bronchiseptica	NCBITaxon:518	Bordetella bronchiseptica	true	
Wikipedia:Bordetella_holmesii	bordetella holmesii	NCBITaxon:35814	Bordetella holmesii	false	
Wikipedia:Bordetella_holmesii	bordetella holmesii	NCBITaxon:35814	Bordetella holmesii	true	
Wikipedia:Borrelia_anserina	borrelia anserina	NCBITaxon:143	Borrelia anserina	false	
Wikipedia:Borrelia_anserina	borrelia anserina	NCBITaxon:143	Borrelia anserina	true	
Wikipedia:Bovine_enterovirus	bovine enterovirus	NCBITaxon:12064	Bovine enterovirus	false	
Wikipedia:Bovine_enterovirus	bovine enterovirus	NCBITaxon:12064	Bovine enterovirus	true	
Wikipedia:Chicken_anaemia_virus	chicken anaemia virus	NCBITaxon:12618	Chicken anemia virus	false	
Wikipedia:Chicken_anaemia_virus	chicken anaemia virus	NCBITaxon:12618	Chicken anemia virus	true	
Wikipedia:Dermanyssus_gallinae	dermanyssus gallinae	NCBITaxon:34641	Dermanyssus gallinae	false	
Wikipedia:Dermanyssus_gallinae	dermanyssus gallinae	NCBITaxon:34641	Dermanyssus gallinae	true	
Wikipedia:Ebola_virus	ebola virus	NCBITaxon:186536	Ebolavirus	false	
Wikipedia:Ebola_virus	ebola virus	NCBITaxon:186536	Ebolavirus	true	
Wikipedia:Ebola_virus	ebola virus	Wikidata:Q5331908	ebolavirus	false	
Wikipedia:Ebola_virus	ebola virus	Wikidata:Q5331908	ebolavirus	true	
Wikipedia:Ectromelia_virus	ectromelia virus	NCBITaxon:12643	Ectromelia virus	false	
Wikipedia:Ectromelia_virus	ectromelia virus	NCBITaxon:12643	Ectromelia virus	true	
Wikipedia:Eimeria	eimeria	NCBITaxon:5800	Eimeria	false	
Wikipedia:Eimeria	eimeria	NCBITaxon:5800	Eimeria	true	
Wikipedia:Escherichia_coli	escherichia coli	NCBITaxon:562	Escherichia coli	false	
Wikipedia:Escherichia_coli	escherichia coli	NCBITaxon:562	Escherichia coli	true	
Wikipedia:Gapeworm	gapeworm	NCBITaxon:70241	Syngamus trachea	false	
Wikipedia:Gapeworm	gapeworm	NCBITaxon:70241	Syngamus trachea	true	
Wikipedia:Haemonchus_contortus	haemonchus contortus	NCBITaxon:6289	Haemonchus contortus	false	
Wikipedia:Haemonchus_contortus	haemonchus contortus	NCBITaxon:6289	Haemonchus contortus	true	
Wikipedia:Haemoproteus	haemoproteus	NCBITaxon:77521	Haemoproteus	false	
Wikipedia:Haemoproteus	haemoproteus	NCBITaxon:77521	Haemoproteus	true	
Wikipedia:Haemoproteus_columbae	haemoproteus columbae	NCBITaxon:77522	Haemoproteus columbae	false	
Wikipedia:Haemoproteus_columbae	haemoproteus columbae	NCBITaxon:77522	Haemoproteus columbae	true	
Wikipedia:Histomonas_meleagridis	histomonas meleagridis	NCBITaxon:135588	Histomonas meleagridis	false	
Wikipedia:Histomonas_meleagridis	histomonas meleagridis	NCBITaxon:135588	Histomonas meleagridis	true	
Wikipedia:Jaagsiekte_sheep_retrovirus	jaagsiekte sheep retrovirus	NCBITaxon:11746	Jaagsiekte sheep retrovirus	false	
Wikipedia:Jaagsiekte_sheep_retrovirus	jaagsiekte sheep retrovirus	NCBITaxon:11746	Jaagsiekte sheep retrovirus	true	
Wikipedia:Japanese_encephalitis	japanese encephalitis	NCBITaxon:11072	Japanese encephalitis virus	false	
Wikipedia:Japanese_encephalitis	japanese encephalitis	NCBITaxon:11072	Japanese encephalitis virus	true	
Wikipedia:Lassa_virus	lassa virus	NCBITaxon:11620	Lassa virus	false	
Wikipedia:Lassa_virus	lassa virus	NCBITaxon:11620	Lassa virus	true	
Wikipedia:Leucocytozoon	leucocytozoon	NCBITaxon:195944	Leucocytozoon	false	
Wikipedia:Leucocytozoon	leucocytozoon	NCBITaxon:195944	Leucocytozoon	true	
Wikipedia:Ljungan_virus	ljungan virus	NCBITaxon:172314	Ljungan virus	false	
Wikipedia:Ljungan_virus	ljungan virus	NCBITaxon:172314	Ljungan virus	true	
Wikipedia:Metastrongylus	metastrongylus	NCBITaxon:55272	Metastrongylus	false	
Wikipedia:Metastrongylus	metastrongylus	NCBITaxon:55272	Metastrongylus	true	
Wikipedia:Mouse_hepatitis_virus	mouse hepatitis virus	NCBITaxon:11138	Murine hepatitis virus	false	
Wikipedia:Mouse_hepatitis_virus	mouse hepatitis virus	NCBITaxon:11138	Murine hepatitis virus	true	
Wikipedia:Mouse_mammary_tumor_virus	mouse mammary tumor virus	NCBITaxon:11757	Mouse mammary tumor virus	false	
Wikipedia:Mouse_mammary_tumor_virus	mouse mammary tumor virus	NCBITaxon:11757	Mouse mammary tumor virus	true	
Wikipedia:Murine_leukemia_virus	murine leukemia virus	NCBITaxon:11786	Murine leukemia virus	false	
Wikipedia:Murine_leukemia_virus	murine leukemia virus	NCBITaxon:11786	Murine leukemia virus	true	
Wikipedia:Mycobacterium_bovis	mycobacterium bovis	NCBITaxon:1765	Mycobacterium bovis	false	
Wikipedia:Mycobacterium_bovis	mycobacterium bovis	NCBITaxon:1765	Mycobacterium bovis	true	
Wikipedia:Mycoplasma_hyopneumoniae	mycoplasma hyopneumoniae	NCBITaxon:2099	Mycoplasma hyopneumoniae	false	
Wikipedia:Mycoplasma_hyopneumoniae	mycoplasma hyopneumoniae	NCBITaxon:2099	Mycoplasma hyopneumoniae	true	
Wikipedia:Mycoplasma_hyorhinis	mycoplasma hyorhinis	NCBITaxon:2100	Mycoplasma hyorhinis	false	
Wikipedia:Mycoplasma_hyorhinis	mycoplasma hyorhinis	NCBITaxon:2100	Mycoplasma hyorhinis	true	
Wikipedia:Orf_%28disease%29	orf (disease)	NCBITaxon:69811	Leuciscus idus	true	
Wikipedia:Ornithobacterium_rhinotracheale	ornithobacterium rhinotracheale	NCBITaxon:28251	Ornithobacterium rhinotracheale	false	
Wikipedia:Ornithobacterium_rhinotracheale	ornithobacterium rhinotracheale	NCBITaxon:28251	Ornithobacterium rhinotracheale	true	
Wikipedia:Phocine_distemper_virus	phocine distemper virus	NCBITaxon:11240	Phocine distemper virus	false	
Wikipedia:Phocine_distemper_virus	phocine distemper virus	NCBITaxon:11240	Phocine distemper virus	true	
Wikipedia:Plasmodium_gallinaceum	plasmodium gallinaceum	NCBITaxon:5849	Plasmodium gallinaceum	false	
Wikipedia:Plasmodium_gallinaceum	plasmodium gallinaceum	NCBITaxon:5849	Plasmodium gallinaceum	true	
Wikipedia:Porcine_epidemic_diarrhea_virus	porcine epidemic diarrhea virus	NCBITaxon:28295	Porcine epidemic diarrhea virus	false	
Wikipedia:Porcine_epidemic_diarrhea_virus	porcine epidemic diarrhea virus	NCBITaxon:28295	Porcine epidemic diarrhea virus	true	
Wikipedia:Porcine_parvovirus	porcine parvovirus	NCBITaxon:10796	Porcine parvovirus	false	
Wikipedia:Porcine_parvovirus	porcine parvovirus	NCBITaxon:10796	Porcine parvovirus	true	
Wikipedia:Porcine_reproductive_and_respiratory_syndrome_virus	porcine reproductive and respiratory syndrome virus	NCBITaxon:28344	Porcine reproductive and respiratory syndrome virus	false	
Wikipedia:Porcine_reproductive_and_respiratory_syndrome_virus	porcine reproductive and respiratory syndrome virus	NCBITaxon:28344	Porcine reproductive and respiratory syndrome virus	true	
Wikipedia:Puumala_virus	puumala virus	NCBITaxon:11604	Puumala virus	false	
Wikipedia:Puumala_virus	puumala virus	NCBITaxon:11604	Puumala virus	true	
Wikipedia:Rickettsia_peacockii	rickettsia peacockii	NCBITaxon:47589	Rickettsia peacockii	false	
Wikipedia:Rickettsia_peacockii	rickettsia peacockii	NCBITaxon:47589	Rickettsia peacockii	true	
Wikipedia:Rickettsia_prowazekii	rickettsia prowazekii	NCBITaxon:782	Rickettsia prowazekii	false	
Wikipedia:Rickettsia_prowazekii	rickettsia prowazekii	NCBITaxon:782	Rickettsia prowazekii	true	
Wikipedia:Rickettsia_rickettsii	rickettsia rickettsii	NCBITaxon:783	Rickettsia rickettsii	false	
Wikipedia:Rickettsia_rickettsii	rickettsia rickettsii	NCBITaxon:783	Rickettsia rickettsii	true	
Wikipedia:Riemerella_anatipestifer	riemerella anatipestifer	NCBITaxon:34085	Riemerella anatipestifer	false	
Wikipedia:Riemerella_anatipestifer	riemerella anatipestifer	NCBITaxon:34085	Riemerella anatipestifer	true	
Wikipedia:Ringtail_%28disease%29	ringtail (disease)	NCBITaxon:55047	Bassariscus astutus	false	
Wikipedia:Ringtail_%28disease%29	ringtail (disease)	NCBITaxon:55047	Bassariscus astutus	true	
Wikipedia:Rio_Mamore_virus	rio mamore virus	NCBITaxon:46920	Rio Mamore virus	false	
Wikipedia:Rio_Mamore_virus	rio mamore virus	NCBITaxon:46920	Rio Mamore virus	true	
Wikipedia:Rio_Segundo_virus	rio segundo virus	NCBITaxon:37207	Rio Segundo virus	false	
Wikipedia:Rio_Segundo_virus	rio segundo virus	NCBITaxon:37207	Rio Segundo virus	true	
Wikipedia:Rockport_virus	rockport virus	NCBITaxon:1001080	Rockport virus	false	
Wikipedia:Rockport_virus	rockport virus	NCBITaxon:1001080	Rockport virus	true	
Wikipedia:Sendai_virus	sendai virus	NCBITaxon:11191	Sendai virus	false	
Wikipedia:Sendai_virus	sendai virus	NCBITaxon:11191	Sendai virus	true	
Wikipedia:Serang_virus	serang virus	NCBITaxon:528322	Serang virus	false	
Wikipedia:Serang_virus	serang virus	NCBITaxon:528322	Serang virus	true	
Wikipedia:Simian_immunodeficiency_virus	simian immunodeficiency virus	NCBITaxon:11723	Simian immunodeficiency virus	false	
Wikipedia:Simian_immunodeficiency_virus	simian immunodeficiency virus	NCBITaxon:11723	Simian immunodeficiency virus	true	
Wikipedia:Spirometra_erinaceieuropaei	spirometra erinaceieuropaei	NCBITaxon:99802	Spirometra erinaceieuropaei	false	
Wikipedia:Spirometra_erinaceieuropaei	spirometra erinaceieuropaei	NCBITaxon:99802	Spirometra erinaceieuropaei	true	
Wikipedia:Thailand_virus	thailand virus	NCBITaxon:28291	Thailand virus	false	
Wikipedia:Thailand_virus	thailand virus	NCBITaxon:28291	Thailand virus	true	
Wikipedia:Torovirinae	torovirinae	NCBITaxon:694017	Torovirinae	false	
Wikipedia:Torovirinae	torovirinae	NCBITaxon:694017	Torovirinae	true	
Wikipedia:Trichobilharzia_regenti	trichobilharzia regenti	NCBITaxon:157069	Trichobilharzia regenti	false	
Wikipedia:Trichobilharzia_regenti	trichobilharzia regenti	NCBITaxon:157069	Trichobilharzia regenti	true	
Wikipedia:Visna_virus	visna virus	NCBITaxon:11741	Visna/maedi virus	false	
Wikipedia:Visna_virus	visna virus	NCBITaxon:11741	Visna/maedi virus	true	
Wikipedia:White_Bream_virus	white bream virus	NCBITaxon:405554	White bream virus	false	
Wikipedia:White_Bream_virus	white bream virus	NCBITaxon:405554	White bream virus	true	
